index,seed,starter,player_points,opponent_points,player_scopa,opponent_scopa,turns,captured_cards,outcome
0,60664425239102341931103141691014020764265716636785468737234796015092304389912,player,1,3,0,0,36,40,loss
1,9949399697248907856887706135856998293879528671266193972222810968660805728211,opponent,4,0,0,0,36,40,win
2,92261078459936590813846363050725431291152484119469176518717238072219084487606,player,4,0,0,0,36,40,win
3,34346086090157331384412265463132453499188252775328364976343399860162219615275,opponent,3,1,0,0,36,40,win
4,77416950117968868167850209511331278173408902340670403243556530890223364988169,player,5,1,1,1,36,40,win
5,284848766727182147166811077844657770111953490479059560823867758848992575794,opponent,4,0,0,0,36,40,win
6,26791993974830471613132791126815077870780248488032194434090323008121938499552,player,1,3,0,0,36,40,loss
7,69869269432485485682605356671452225353446486001229341233145673046885193723808,opponent,5,1,1,1,36,40,win
8,105823590618432808227832030819960186022396479069259927713517841782517339388794,player,2,3,0,2,36,40,loss
9,54530634132197460540052158268601082472743139634118852174756409022018316968609,opponent,4,1,1,0,36,40,win
10,63423894252970295222817716444607331487928587498286736889785843212679710092951,player,1,3,0,1,36,40,loss
11,23300638707344744354381790492442631812385519621994307863772922531307723662388,opponent,1,3,0,0,36,40,loss
12,97365216179670248024850383161939932702686795835525988845413278853454893229050,player,4,1,1,0,36,40,win
13,44780164288664836954750869189294354983960897736646127422994983832096688076132,opponent,3,0,0,0,36,40,win
14,45579861681297573334689075456107455743710034047481002526788906503885121520350,player,2,1,0,0,36,40,win
15,65040445708303119341380996754337606818852786476429966559296047520064703482268,opponent,1,3,0,0,36,40,loss
16,56591536233594153611279227044408085274352436904571960965138395883335671628786,player,3,1,0,0,36,40,win
17,89604956015824133868659926984979835005523744468336571146451344620029001980229,opponent,2,3,1,0,36,40,loss
18,68213842233922372671699388554883982716492452896880801068713182886920317621782,player,4,0,0,0,36,40,win
19,82919992056783525269449006598179166703894284514851714487700309562968671691418,opponent,4,0,0,0,36,40,win
20,79140131067356221954369899643312571745603636492864280552354338602005378465565,player,4,0,0,0,36,40,win
21,54164589775929394438515230118382417087263148947341125193052305087097323290238,opponent,5,0,1,0,36,40,win
22,88667978832222941036010325313750193564120033621918124089380452892965340607377,player,4,0,0,0,36,40,win
23,95947423333738938949148175181200951421260933055828035604996966359047755040355,opponent,2,4,0,2,36,40,loss
24,49621335094685974164997378945922933013091859889234466356675520746669260151655,player,5,1,1,1,36,40,win
25,108684390632114885650474011474997483782434154001206140326144560219391020719805,opponent,3,2,1,0,36,40,win
26,4992525852763324115529029446804651054517529996142491682696152794498555949819,player,5,0,1,0,36,40,win
27,56303654304119674426754106579551033944131070970927220991561575925345457287244,opponent,4,2,2,1,36,40,win
28,73318875388680417568691125464742031707236278808020748910109425436510154239448,player,7,0,3,0,36,40,win
29,99837540898371142091756429939082582126795485986525032035207258785600310386529,opponent,4,3,2,1,36,40,win
30,10654489384283562330723483601549883659128082236822454119690591448532140522869,player,5,1,2,1,36,40,win
31,98261612960181377856665137151625238268949571297279651081903674610936772560681,opponent,4,1,1,0,36,40,win
32,84484088047989993323883936453220075920029488267310196194246532055749369640700,player,5,1,2,0,36,40,win
33,10122585235612984472018194383406262250939560219562328698538785634630907065927,opponent,4,0,0,0,36,40,win
34,76842346894219246017618561656156678719597696498105435290252307128827852832111,player,2,2,0,0,36,40,draw
35,71858011320073007540595803093520617900792082013159920242083342267381674849697,opponent,4,0,0,0,36,40,win
36,63237201173263871970009210104330129344574758108250360715029791049414819085612,player,4,0,0,0,36,40,win
37,22238837942422511726087282996476938559137970762695193104767723819493427759402,opponent,4,0,0,0,36,40,win
38,57820669641917874821781402426824958455146507923711369796651416678137245644799,player,3,2,1,0,36,40,win
39,79110036180494997228663678196939555052988191558949638348962666746398385654089,opponent,5,2,2,1,36,40,win
40,61475102443133870722521130118135799477069297449869613171294692525362338018054,player,4,2,2,0,36,40,win
41,10504479532337681453625079192841396240467972017375534615622160304901526883033,opponent,5,0,1,0,36,40,win
42,76767900816025381950523030735030828040958314817608419608972596331336246465949,player,3,1,0,0,36,40,win
43,69184161038258835500074367084989800116260277118644531149551090240227473931851,opponent,3,2,1,0,36,40,win
44,43167046986785564188511535878833577428459952872905145502188997259813091259194,player,3,2,1,1,36,40,win
45,66582597029126845020699015919840086618215762997790197483194450008076029211206,opponent,4,1,1,0,36,40,win
46,69163147260080062344292183405497592532763507025398347036739255364836920638855,player,1,4,1,0,36,40,loss
47,71814589627348774214388236496419963410128978542845681532077492317320271187347,opponent,4,1,0,1,36,40,win
48,5695448498033514700216984117219177694434841140098727957814972215488240850317,player,2,1,0,0,36,40,win
49,115341107979513428631818948022767458520451040971077267617214795579624245709110,opponent,0,2,0,0,36,40,loss
50,55580176698507968078171623023699613942823881661306600078443099012460369828692,player,0,5,0,1,36,40,loss
51,1804211108198850518767406375252479817552962923741265835996913407996696148651,opponent,2,1,1,0,36,40,win
52,79608347995780087398042592682234368463438889825307097116151091193174215284310,player,4,0,0,0,36,40,win
53,1223342775975118131814168055928570907799959975847763432969058166146800783801,opponent,3,3,1,1,36,40,draw
54,61873672281133398282458575883536190958136210490931954910073703796455988114830,player,4,0,0,0,36,40,win
55,109478728686030884634944717212579455353820213862598235937776419221802863396841,opponent,3,1,0,0,36,40,win
56,33365640084096635230080565733396920204582153066218063381671836298864451401241,player,1,2,0,0,36,40,loss
57,57105309238289289559326226848308881542259299054466169451204594928584417720829,opponent,4,1,1,1,36,40,win
58,50568633006198340416552964099386779332682238973528523533222546659980259270787,player,3,2,1,0,36,40,win
59,84069201604390267113636239115901044871023745378402061520909055841689493827804,opponent,0,3,0,0,36,40,loss
60,42169665556485253878236753883837531906973802702814864715281881688072728714163,player,1,4,0,1,36,40,loss
61,26893980848155798522724421376817392593815069113420309076527285909202659110760,opponent,3,2,1,0,36,40,win
62,84380473924423055403484303311890011195764579704224019249278421714021666083928,player,4,0,0,0,36,40,win
63,69336397827211739762976195485371564128172546404706398820841072760871481988677,opponent,1,6,1,2,36,40,loss
64,47841879219161098725613867219539670399951333593425415218268728228998089715580,player,3,2,1,0,36,40,win
65,9248941103446341592112708695418933412250495592305853283137714763795928675201,opponent,4,1,0,1,36,40,win
66,86721356313055169355821782204887267169472875997987381821827579436583876374188,player,5,3,3,1,36,40,win
67,22170348402474846193075715675758057909111970402772811861995439073493303621275,opponent,4,0,0,0,36,40,win
68,96752887594034186812151814396577148010938743776404662246796251922887647371850,player,1,3,0,0,36,40,loss
69,42891641141596922447758243716259480137660637534666481537363443566893655945020,opponent,1,2,0,0,36,40,loss
70,53846336662393167590335348985399970365353443905076173912223756138462539562204,player,2,3,0,1,36,40,loss
71,78813383482716617288830696382451055002988175242033799964319438927883470997150,opponent,3,2,1,0,36,40,win
72,56575516229445103087320769890327210458317284963872072233425638948409535705702,player,2,3,1,1,36,40,loss
73,14019907837496410441970168079655618330806512131936342612474650338627143609817,opponent,2,2,0,0,36,40,draw
74,26785697195202249535102680811524036961619077728853275461090627689410134999596,player,4,0,0,0,36,40,win
75,37370989356661659963927251097748159065177627854734515972084237014889507859045,opponent,5,1,1,1,36,40,win
76,76842296528700585568627135596479057043445649265402782568000138508931569445413,player,2,3,1,0,36,40,loss
77,36355421292194775219058384957453781652655558352066889894770199170196989540502,opponent,3,0,0,0,36,40,win
78,89917350161969241161338494379212625797679472278835744172764816600816205768003,player,2,0,0,0,36,40,win
79,5283170778043852809896988881031963192282704727849651550583658939868269220196,opponent,4,0,0,0,36,40,win
80,47663399987989331894107287896928384530502731841265625093096693723988402818563,player,2,1,0,0,36,40,win
81,6601641244993649232496163565073472543811401927025156258916437134619078748197,opponent,3,0,0,0,36,40,win
82,57014401807411827942591789059126350170887839616287701838045018101251974429381,player,2,2,0,0,36,40,draw
83,37321067741058494325846833715395215781201848488525894697828319123210858182590,opponent,3,5,2,2,36,40,loss
84,87382886539380980337574603861173973765947305197037452670039887413550383318593,player,4,0,0,0,36,40,win
85,57205103570929677282828577404362918322463978855920767763270671156984168097275,opponent,2,2,1,0,36,40,draw
86,54620953226407479035859010241226461668098680875186268167049592053872747837730,player,1,2,0,0,36,40,loss
87,73224406777305537863459466359870947041569790480152870358688844696667764987492,opponent,3,1,0,0,36,40,win
88,76367958349277886945328608984004507598905264579139200181504899635839295328747,player,1,2,0,0,36,40,loss
89,92914075676180057489196944129160082337708023335347116108640930294801304693561,opponent,5,1,1,1,36,40,win
90,55645521600322354859618617562265954812614325876085295946593112866914801381399,player,5,0,1,0,36,40,win
91,62746871862520716690922488354501746990818430101200332929152972762204588856926,opponent,5,0,1,0,36,40,win
92,115563452727240144027066604601748163174530491686168696063323063420262549671515,player,4,0,0,0,36,40,win
93,73908588402492868580596326955167971638030484814632446310113311310997586667805,opponent,2,2,0,0,36,40,draw
94,59255730173832495215752842231470060547967729930179333969125659827689744195995,player,3,2,1,0,36,40,win
95,74703220814417225181054409107770394730663097563694301961223963270884066859186,opponent,4,2,1,1,36,40,win
96,56397783037446467618198331874830310518694352524644266754907217861183567329982,player,2,2,0,0,36,40,draw
97,103214668337368382360662135201998409426841722432662512660513500027226982602312,opponent,2,0,0,0,36,40,win
98,108334233253094528251591337354940222926493729886953675804826951595277104479042,player,4,0,0,0,36,40,win
99,90410660410302857908929835630670982336409908279405781032920785788321523738920,opponent,6,1,2,1,36,40,win
100,73769026279909551050153889144799416341266920284874932206558516373388642814625,player,3,4,2,1,36,40,loss
101,54551444365726320805650540733846575627705816342747744757033483890793775082546,opponent,6,1,3,0,36,40,win
102,106968125626604401765791522471244760557354184781037612679113865888004757738179,player,3,4,1,2,36,40,loss
103,8376900348632827269397998682465258259489303206278667234182141049985494948468,opponent,1,1,0,0,36,40,draw
104,74385133556246065745742277630245513652892914818964037308414562518347456803624,player,2,3,1,0,36,40,loss
105,85679168941760306136001174318988700162414575433320527874925321822578813253641,opponent,3,0,0,0,36,40,win
106,61709892710862418695062416120857970029138117956410185735851511987767371382149,player,0,3,0,0,36,40,loss
107,1147661568090353270824977678411976536012948037185260962134138994602835795553,opponent,1,4,1,0,36,40,loss
108,22942313859063099807505295174876901216055507658849458353675160054185996415911,player,6,0,2,0,36,40,win
109,52372618809146825245899913579795840731048962566283066050596718754821210908136,opponent,4,0,0,0,36,40,win
110,93535751634102083500005873747156824587378456481949874698311350650196494129973,player,2,3,0,1,36,40,loss
111,33340633181030222999285957489165613482769276158222041620013429375638124814142,opponent,5,1,2,0,36,40,win
112,44043698485414165216527424670197621872829091013194742274534872959180795269981,player,1,3,0,0,36,40,loss
113,10271112242336715090055646625654025755694883982489531291340972721084631451471,opponent,0,4,0,0,36,40,loss
114,14046746490812837424790847479641170564367763014563075592661942927154582216381,player,6,1,2,1,36,40,win
115,72099271752501609070377485479648416218603887940327720815063440216564163180569,opponent,1,4,0,1,36,40,loss
116,44374938959986734560175576651528409007072777658645930414101027586378551695188,player,2,1,0,0,36,40,win
117,106213455288121225394307757898339598982957660098388763913237730696549818603159,opponent,3,1,0,0,36,40,win
118,99751049233941586394055443967223979077758039635741343035508788595217502901668,player,5,1,1,1,36,40,win
119,15706193093072749610597440075373369884835086402113199295421343304732853171528,opponent,4,0,0,0,36,40,win
120,89789410022182062662505802847670250826853597127787291729399133419420477025113,player,3,2,0,2,36,40,win
121,26945518729491597097504495447846291636718840202239265130869734427301509834893,opponent,5,0,1,0,36,40,win
122,79978798525079503162869701946139549942518205310026956940660549777248255815818,player,5,1,1,1,36,40,win
123,107663152081921832208191187852910176199510682571590876636859245370079038730988,opponent,3,1,0,0,36,40,win
124,79725436498520504185758965421607360878169337740337820833676415392157641804732,player,2,2,0,0,36,40,draw
125,71380232648662391060044645568100072654110570618746615367035163638733979580776,opponent,2,1,0,0,36,40,win
126,72269491466372194448839723381387161467215825450559380705055892834542898380609,player,2,1,0,0,36,40,win
127,104998508284752236933222527033563719675930195976543433605891491680180589609476,opponent,0,4,0,0,36,40,loss
128,51357996119606927071425838360604848672419970563071939913461710205716652723549,player,4,0,0,0,36,40,win
129,110483698267214353080201907702928193760714024652392432937728201961673114227064,opponent,0,4,0,1,36,40,loss
130,95878241133077886064213954573745593754328422251956063738910698469942418767879,player,2,2,0,0,36,40,draw
131,88585562349870466704634901522539598459079329587974419051334091137033624781370,opponent,4,0,0,0,36,40,win
132,65641324048854895105677338732645712295076116943819256170778007885306488700308,player,0,6,0,2,36,40,loss
133,1486937943112313066392165309393281741987132617522128501154447212818451069338,opponent,3,3,1,1,36,40,draw
134,5262857102300176412402378318792278355368996094289725743200959656111581118276,player,4,2,1,1,36,40,win
135,110084298612168478729462595852253872484282083962816839811181572488678301819591,opponent,2,4,1,1,36,40,loss
136,72597348852406623037931456809527774834238533072528862845168142550547953262472,player,1,3,0,0,36,40,loss
137,55866226763722269938570860913394740047951800719882967615484537908062900209159,opponent,2,3,1,0,36,40,loss
138,72226935314030311908336975876159167640945722168549877597555241366909997504541,player,5,1,2,0,36,40,win
139,97173255596177494498491531641530097334999214126870347437549721293883695031376,opponent,3,0,0,0,36,40,win
140,54106999687094596104770874115384638848846009672900939011391149963531935545870,player,2,2,0,1,36,40,draw
141,75437977759950918572647944926953419585778629989341311955282396505188172463303,opponent,2,2,0,0,36,40,draw
142,65839355235300433615371913865464493910526736111173074368256212239370748695628,player,5,0,1,0,36,40,win
143,65421227244362004750540694747857132955957506822544401995048824492738681031494,opponent,1,3,0,0,36,40,loss
144,97236612030934993331103833346186788815270343432701537593352614649658167682106,player,4,1,1,0,36,40,win
145,56737391942845569576128185658258657116326449644640230037480361194363771093361,opponent,4,1,1,0,36,40,win
146,22317917314953520132137213514092480219565201723944290655566543998420640398946,player,2,2,0,0,36,40,draw
147,57802183072120997184943837438610350295065244500211649500357365205063109973043,opponent,2,1,0,0,36,40,win
148,83431332218011538327430503694140450654846234860558571381085120351217974203251,player,4,0,0,0,36,40,win
149,35969447276436340846085451072778908091172709603137357069432796271130252539567,opponent,1,3,0,1,36,40,loss
150,6340090358103388040994901471041226759950327242958536199347504076948217181414,player,4,0,0,0,36,40,win
151,48024565071610638068847269106815432246927728324238529011042767568321442652729,opponent,4,1,1,0,36,40,win
152,38405652632159580984088179857674912459390767024545756612849726042989469653485,player,4,0,0,0,36,40,win
153,90521289617186571861746808123481933322009835307873806371915129581617589687206,opponent,7,1,4,0,36,40,win
154,40234275336672976910994811170640933359443820921372882842195936850322841245187,player,2,2,0,0,36,40,draw
155,95520376746128724612331142297616047264506105915649541080219948938838320274352,opponent,3,2,0,1,36,40,win
156,68035769498482059274740122938869004716674630394018604954525035231416436635320,player,2,3,0,1,36,40,loss
157,82586018206032531179593197246190314942380633905737103541754193137522881562836,opponent,0,4,0,0,36,40,loss
158,1422957481221244915455955390340173507099960566111454272805826287122324766140,player,4,0,0,0,36,40,win
159,102762631942607992049787521866291214619803280698824000077398575532067562992028,opponent,6,0,2,0,36,40,win
160,103346973862102203441573552046155595310584536514964497529516222700389250005442,player,1,3,0,0,36,40,loss
161,46312722267154148095902216647735555568071625456178459875840563523866141222051,opponent,3,1,0,0,36,40,win
162,107857850778693814479786127249644008732745352245890148391184232262409723253267,player,5,0,1,0,36,40,win
163,86897211041665705087962903787670288576356455128030377790575370123016816969312,opponent,1,5,1,1,36,40,loss
164,23253069861428736635293052929810571160342625898301166702481069522817991844558,player,2,3,1,0,36,40,loss
165,114908341008627718355247870853643330943267971620851136967906926749646048779687,opponent,4,1,1,1,36,40,win
166,26501300146911952532099897448187263513943477762068847213986009268142900390793,player,1,3,0,0,36,40,loss
167,32413895829467451641606278896130736899983810249859224501491391223502916031907,opponent,5,2,3,0,36,40,win
168,59310178371343202631620087882892923021159544958170339819583350273457578294736,player,2,1,0,1,36,40,win
169,48006314035741231194641093419958823561528056928808290974242827667445780940737,opponent,4,1,0,1,36,40,win
170,89987735831521483804034567675414882115891681496641308383709847056389379082143,player,5,3,2,2,36,40,win
171,86967629245232375288070889169131967511691385977730777559579224961622647136405,opponent,0,4,0,0,36,40,loss
172,19883314697841469652226890613402929358979049192800877392593692171261898117980,player,5,1,1,1,36,40,win
173,37383767232782026870778037089639603118380535398464567985975656294435634185222,opponent,0,4,0,1,36,40,loss
174,73031574243575760660351913412217487757301458219022641471913882011774965728758,player,3,2,1,0,36,40,win
175,79942783319372967084400164764864031411706864806315450258980811201870795773948,opponent,4,2,1,1,36,40,win
176,108001061105786436446981098900325840697592477650092445131906058417933051858414,player,4,0,0,0,36,40,win
177,109666736124665188631273655313549067952196487205925224209052925174865995242820,opponent,0,4,0,0,36,40,loss
178,3100004163250803295776930679670599322012214244444543127835013322788051210485,player,2,2,0,0,36,40,draw
179,115005853124764719034784791343528787085155846354732931445823623351703156558402,opponent,3,3,0,2,36,40,draw
180,94588658104256265976627149509245500765632976111819764371320945800646569409301,player,3,0,0,0,36,40,win
181,59053964783213624911326459040891878955641005315330022376489556334141724004471,opponent,3,3,0,2,36,40,draw
182,30582616479411138834493169550643072598483512924412773936725562618128506189849,player,4,1,0,1,36,40,win
183,85278597815179838292074741818741494028650959684338214925341989675035755757427,opponent,3,3,1,1,36,40,draw
184,93623468259310855856437202595947848822459817846786028652642534358695311048681,player,4,1,0,1,36,40,win
185,97529451765306155783887361318985859595803520036282368035422377184616317478848,opponent,2,2,0,0,36,40,draw
186,98346078625569456873631841838461219091118603058042462647198343130184301252939,player,2,0,0,0,36,40,win
187,45343833560521629460868895949295410795645384415226690567131453131137345409929,opponent,0,5,0,1,36,40,loss
188,58711348408681854279432988983941968869570484491556115469901952573304961392214,player,4,1,0,1,36,40,win
189,104855045670391603345143335974559653863305529439867498844624963576804139394681,opponent,2,2,0,0,36,40,draw
190,70500711664960448358171477389370014435364361331402990191600805452849004824375,player,2,0,0,0,36,40,win
191,48262577863973310701608450818384119151253429533354895883572226082304582027728,opponent,3,0,0,0,36,40,win
192,20802256867472555306378659109646453162877774811486131732421669589165206411441,player,1,3,0,0,36,40,loss
193,88647241226767234019531267096593032605630276049612112001524277971101493767794,opponent,0,4,0,0,36,40,loss
194,37038581494246620268834251524013395269453908376485105583875740981854455569704,player,2,2,0,0,36,40,draw
195,42396172660495727609866635909326712591683024128112634009718133747648994678000,opponent,0,4,0,0,36,40,loss
196,33963232720117384316671896396262564812849427057631178780387941315168078395598,player,4,0,0,0,36,40,win
197,102284623406832513040630391380468680750295785537811678442772878672915452391090,opponent,4,0,1,0,36,40,win
198,70036071562512156353230988570526872594088911887579924602732944868223641856941,player,5,0,1,0,36,40,win
199,42792233215375236586365549702912709669630766848081436215218249402912367053468,opponent,4,0,0,0,36,40,win
