index,seed,starter,points,scopa,turns,captured_cards,outcome
0,60664425239102341931103141691014020764265716636785468737234796015092304389912,0,"(1, 1, 2)","(1, 0, 0)",36,40,loss
1,9949399697248907856887706135856998293879528671266193972222810968660805728211,1,"(3, 0, 1)","(0, 0, 0)",36,40,win
2,92261078459936590813846363050725431291152484119469176518717238072219084487606,2,"(3, 0, 0)","(0, 0, 0)",36,40,win
3,34346086090157331384412265463132453499188252775328364976343399860162219615275,0,"(3, 0, 1)","(0, 0, 0)",36,40,win
4,77416950117968868167850209511331278173408902340670403243556530890223364988169,1,"(1, 2, 3)","(0, 1, 1)",36,40,loss
5,284848766727182147166811077844657770111953490479059560823867758848992575794,2,"(1, 3, 0)","(0, 0, 0)",36,40,loss
6,26791993974830471613132791126815077870780248488032194434090323008121938499552,0,"(2, 1, 2)","(0, 1, 0)",36,40,draw
7,69869269432485485682605356671452225353446486001229341233145673046885193723808,1,"(3, 0, 1)","(0, 0, 0)",36,40,win
8,105823590618432808227832030819960186022396479069259927713517841782517339388794,2,"(2, 4, 1)","(0, 3, 0)",36,40,loss
9,54530634132197460540052158268601082472743139634118852174756409022018316968609,0,"(2, 2, 0)","(0, 0, 0)",36,40,draw
10,63423894252970295222817716444607331487928587498286736889785843212679710092951,1,"(0, 2, 3)","(0, 1, 0)",36,40,loss
11,23300638707344744354381790492442631812385519621994307863772922531307723662388,2,"(2, 2, 0)","(0, 0, 0)",36,40,draw
12,97365216179670248024850383161939932702686795835525988845413278853454893229050,0,"(2, 3, 0)","(0, 1, 0)",36,40,loss
13,44780164288664836954750869189294354983960897736646127422994983832096688076132,1,"(3, 2, 1)","(2, 1, 0)",36,40,win
14,45579861681297573334689075456107455743710034047481002526788906503885121520350,2,"(3, 2, 0)","(0, 1, 0)",36,40,win
15,65040445708303119341380996754337606818852786476429966559296047520064703482268,0,"(3, 1, 0)","(0, 0, 0)",36,40,win
16,56591536233594153611279227044408085274352436904571960965138395883335671628786,1,"(0, 4, 0)","(0, 0, 0)",36,40,loss
17,89604956015824133868659926984979835005523744468336571146451344620029001980229,2,"(3, 0, 2)","(1, 0, 0)",36,40,win
18,68213842233922372671699388554883982716492452896880801068713182886920317621782,0,"(3, 0, 2)","(1, 0, 0)",36,40,win
19,82919992056783525269449006598179166703894284514851714487700309562968671691418,1,"(2, 2, 1)","(0, 0, 1)",36,40,draw
20,79140131067356221954369899643312571745603636492864280552354338602005378465565,2,"(4, 0, 0)","(0, 0, 0)",36,40,win
21,54164589775929394438515230118382417087263148947341125193052305087097323290238,0,"(1, 3, 0)","(1, 0, 0)",36,40,loss
22,88667978832222941036010325313750193564120033621918124089380452892965340607377,1,"(2, 3, 0)","(1, 0, 0)",36,40,loss
23,95947423333738938949148175181200951421260933055828035604996966359047755040355,2,"(1, 1, 4)","(1, 1, 0)",36,40,loss
24,49621335094685974164997378945922933013091859889234466356675520746669260151655,0,"(3, 1, 0)","(0, 1, 0)",36,40,win
25,108684390632114885650474011474997483782434154001206140326144560219391020719805,1,"(4, 0, 0)","(0, 0, 0)",36,40,win
26,4992525852763324115529029446804651054517529996142491682696152794498555949819,2,"(2, 2, 0)","(0, 0, 0)",36,40,draw
27,56303654304119674426754106579551033944131070970927220991561575925345457287244,0,"(4, 0, 0)","(0, 0, 0)",36,40,win
28,73318875388680417568691125464742031707236278808020748910109425436510154239448,1,"(2, 1, 0)","(0, 0, 0)",36,40,win
29,99837540898371142091756429939082582126795485986525032035207258785600310386529,2,"(1, 1, 4)","(0, 1, 1)",36,40,loss
30,10654489384283562330723483601549883659128082236822454119690591448532140522869,0,"(3, 1, 1)","(0, 1, 0)",36,40,win
31,98261612960181377856665137151625238268949571297279651081903674610936772560681,1,"(3, 0, 1)","(0, 0, 0)",36,40,win
32,84484088047989993323883936453220075920029488267310196194246532055749369640700,2,"(0, 2, 2)","(0, 0, 1)",36,40,loss
33,10122585235612984472018194383406262250939560219562328698538785634630907065927,0,"(1, 3, 0)","(0, 0, 0)",36,40,loss
34,76842346894219246017618561656156678719597696498105435290252307128827852832111,1,"(2, 0, 1)","(0, 0, 0)",36,40,win
35,71858011320073007540595803093520617900792082013159920242083342267381674849697,2,"(0, 3, 0)","(0, 0, 0)",36,40,loss
36,63237201173263871970009210104330129344574758108250360715029791049414819085612,0,"(0, 4, 0)","(0, 0, 0)",36,40,loss
37,22238837942422511726087282996476938559137970762695193104767723819493427759402,1,"(1, 4, 1)","(1, 0, 1)",36,40,loss
38,57820669641917874821781402426824958455146507923711369796651416678137245644799,2,"(1, 1, 2)","(0, 0, 0)",36,40,loss
39,79110036180494997228663678196939555052988191558949638348962666746398385654089,0,"(5, 0, 0)","(1, 0, 0)",36,40,win
40,61475102443133870722521130118135799477069297449869613171294692525362338018054,1,"(3, 0, 1)","(0, 0, 0)",36,40,win
41,10504479532337681453625079192841396240467972017375534615622160304901526883033,2,"(3, 3, 1)","(2, 2, 0)",36,40,draw
42,76767900816025381950523030735030828040958314817608419608972596331336246465949,0,"(4, 0, 0)","(0, 0, 0)",36,40,win
43,69184161038258835500074367084989800116260277118644531149551090240227473931851,1,"(3, 1, 1)","(1, 0, 0)",36,40,win
44,43167046986785564188511535878833577428459952872905145502188997259813091259194,2,"(4, 0, 1)","(1, 0, 1)",36,40,win
45,66582597029126845020699015919840086618215762997790197483194450008076029211206,0,"(3, 0, 1)","(0, 0, 0)",36,40,win
46,69163147260080062344292183405497592532763507025398347036739255364836920638855,1,"(1, 3, 0)","(0, 0, 0)",36,40,loss
47,71814589627348774214388236496419963410128978542845681532077492317320271187347,2,"(2, 2, 2)","(1, 0, 1)",36,40,draw
48,5695448498033514700216984117219177694434841140098727957814972215488240850317,0,"(3, 3, 0)","(1, 1, 0)",36,40,draw
49,115341107979513428631818948022767458520451040971077267617214795579624245709110,1,"(1, 3, 1)","(1, 0, 0)",36,40,loss
50,55580176698507968078171623023699613942823881661306600078443099012460369828692,2,"(1, 3, 0)","(0, 1, 0)",36,40,loss
51,1804211108198850518767406375252479817552962923741265835996913407996696148651,0,"(4, 0, 0)","(1, 0, 0)",36,40,win
52,79608347995780087398042592682234368463438889825307097116151091193174215284310,1,"(3, 2, 0)","(1, 1, 0)",36,40,win
53,1223342775975118131814168055928570907799959975847763432969058166146800783801,2,"(4, 0, 0)","(0, 0, 0)",36,40,win
54,61873672281133398282458575883536190958136210490931954910073703796455988114830,0,"(2, 1, 1)","(0, 0, 0)",36,40,win
55,109478728686030884634944717212579455353820213862598235937776419221802863396841,1,"(3, 2, 1)","(1, 0, 1)",36,40,win
56,33365640084096635230080565733396920204582153066218063381671836298864451401241,2,"(4, 0, 0)","(0, 0, 0)",36,40,win
57,57105309238289289559326226848308881542259299054466169451204594928584417720829,0,"(5, 0, 0)","(1, 0, 0)",36,40,win
58,50568633006198340416552964099386779332682238973528523533222546659980259270787,1,"(3, 3, 0)","(1, 1, 0)",36,40,draw
59,84069201604390267113636239115901044871023745378402061520909055841689493827804,2,"(3, 0, 1)","(0, 0, 0)",36,40,win
60,42169665556485253878236753883837531906973802702814864715281881688072728714163,0,"(2, 0, 1)","(0, 0, 0)",36,40,win
61,26893980848155798522724421376817392593815069113420309076527285909202659110760,1,"(0, 1, 4)","(0, 1, 0)",36,40,loss
62,84380473924423055403484303311890011195764579704224019249278421714021666083928,2,"(4, 0, 0)","(0, 0, 0)",36,40,win
63,69336397827211739762976195485371564128172546404706398820841072760871481988677,0,"(2, 0, 3)","(0, 0, 1)",36,40,loss
64,47841879219161098725613867219539670399951333593425415218268728228998089715580,1,"(4, 0, 1)","(0, 0, 1)",36,40,win
65,9248941103446341592112708695418933412250495592305853283137714763795928675201,2,"(3, 1, 0)","(0, 1, 0)",36,40,win
66,86721356313055169355821782204887267169472875997987381821827579436583876374188,0,"(3, 1, 0)","(0, 0, 0)",36,40,win
67,22170348402474846193075715675758057909111970402772811861995439073493303621275,1,"(3, 1, 2)","(1, 0, 1)",36,40,win
68,96752887594034186812151814396577148010938743776404662246796251922887647371850,2,"(0, 2, 2)","(0, 0, 0)",36,40,loss
69,42891641141596922447758243716259480137660637534666481537363443566893655945020,0,"(1, 3, 1)","(0, 1, 0)",36,40,loss
70,53846336662393167590335348985399970365353443905076173912223756138462539562204,1,"(3, 0, 3)","(0, 0, 2)",36,40,draw
71,78813383482716617288830696382451055002988175242033799964319438927883470997150,2,"(4, 1, 0)","(0, 1, 0)",36,40,win
72,56575516229445103087320769890327210458317284963872072233425638948409535705702,0,"(1, 0, 3)","(0, 0, 0)",36,40,loss
73,14019907837496410441970168079655618330806512131936342612474650338627143609817,1,"(3, 0, 0)","(0, 0, 0)",36,40,win
74,26785697195202249535102680811524036961619077728853275461090627689410134999596,2,"(3, 1, 0)","(0, 0, 0)",36,40,win
75,37370989356661659963927251097748159065177627854734515972084237014889507859045,0,"(3, 0, 1)","(0, 0, 0)",36,40,win
76,76842296528700585568627135596479057043445649265402782568000138508931569445413,1,"(5, 1, 0)","(1, 1, 0)",36,40,win
77,36355421292194775219058384957453781652655558352066889894770199170196989540502,2,"(3, 1, 0)","(0, 0, 0)",36,40,win
78,89917350161969241161338494379212625797679472278835744172764816600816205768003,0,"(2, 0, 1)","(0, 0, 0)",36,40,win
79,5283170778043852809896988881031963192282704727849651550583658939868269220196,1,"(1, 1, 1)","(0, 0, 0)",36,40,draw
80,47663399987989331894107287896928384530502731841265625093096693723988402818563,2,"(1, 1, 2)","(0, 0, 0)",36,40,loss
81,6601641244993649232496163565073472543811401927025156258916437134619078748197,0,"(2, 0, 2)","(0, 0, 0)",36,40,draw
82,57014401807411827942591789059126350170887839616287701838045018101251974429381,1,"(2, 0, 2)","(0, 0, 0)",36,40,draw
83,37321067741058494325846833715395215781201848488525894697828319123210858182590,2,"(5, 0, 1)","(2, 0, 0)",36,40,win
84,87382886539380980337574603861173973765947305197037452670039887413550383318593,0,"(0, 2, 1)","(0, 0, 0)",36,40,loss
85,57205103570929677282828577404362918322463978855920767763270671156984168097275,1,"(1, 3, 2)","(0, 1, 1)",36,40,loss
86,54620953226407479035859010241226461668098680875186268167049592053872747837730,2,"(1, 2, 1)","(0, 0, 0)",36,40,loss
87,73224406777305537863459466359870947041569790480152870358688844696667764987492,0,"(0, 1, 2)","(0, 0, 0)",36,40,loss
88,76367958349277886945328608984004507598905264579139200181504899635839295328747,1,"(1, 2, 0)","(0, 0, 0)",36,40,loss
89,92914075676180057489196944129160082337708023335347116108640930294801304693561,2,"(3, 2, 2)","(2, 0, 1)",36,40,win
90,55645521600322354859618617562265954812614325876085295946593112866914801381399,0,"(2, 0, 2)","(0, 0, 0)",36,40,draw
91,62746871862520716690922488354501746990818430101200332929152972762204588856926,1,"(4, 0, 0)","(0, 0, 0)",36,40,win
92,115563452727240144027066604601748163174530491686168696063323063420262549671515,2,"(0, 0, 7)","(0, 0, 3)",36,40,loss
93,73908588402492868580596326955167971638030484814632446310113311310997586667805,0,"(4, 0, 1)","(0, 0, 1)",36,40,win
94,59255730173832495215752842231470060547967729930179333969125659827689744195995,1,"(6, 0, 0)","(2, 0, 0)",36,40,win
95,74703220814417225181054409107770394730663097563694301961223963270884066859186,2,"(1, 0, 4)","(1, 0, 0)",36,40,loss
96,56397783037446467618198331874830310518694352524644266754907217861183567329982,0,"(2, 2, 2)","(2, 1, 0)",36,40,draw
97,103214668337368382360662135201998409426841722432662512660513500027226982602312,1,"(3, 0, 0)","(0, 0, 0)",36,40,win
98,108334233253094528251591337354940222926493729886953675804826951595277104479042,2,"(1, 0, 3)","(1, 0, 0)",36,40,loss
99,90410660410302857908929835630670982336409908279405781032920785788321523738920,0,"(2, 2, 0)","(0, 0, 0)",36,40,draw
